ID_SOURCE,ID_TARGET,NILAI_TRANSAKSI
200,1463,200000
1479,1550,200000
1479,1298,600000
1479,595,1200000
1479,155,100000
1823,1824,86000000
1280,686,2600000
1133,817,200000
1133,916,200000
1133,1199,200000
181,670,900000
181,1556,1200000
615,1431,1500000
221,1397,1100000
338,1781,8800000
338,1121,4300000
269,1721,17400000
859,773,200000
1185,464,400000
1593,685,15200000
398,841,100000
1499,1737,500000
817,1642,100000
1825,1186,1800000
1825,785,1200000
1825,1594,400000
1825,1300,3700000
1475,1774,400000
1555,197,43100000
1555,560,80400000
1555,724,24600000
1555,310,3100000
1555,1017,99500000
1555,968,45400000
820,211,300000
820,186,300000
820,1502,10900000
820,1794,2300000
820,700,300000
1246,1119,200000
1302,956,1200000
222,597,3600000
281,380,1200000
278,1263,600000
278,267,200000
311,782,3200000
311,926,300000
311,549,1300000
311,40,2100000
477,1191,1500000
509,1398,400000
1586,758,7100000
1586,1243,100000
98,1345,100000
1739,1813,4500000
819,260,11800000
1276,1463,2500000
1374,518,1800000
1374,739,2100000
781,777,9000000
1031,234,5500000
1031,1278,100000
13,1119,300000
1160,1372,1100000
1160,91,4600000
1160,215,2100000
1160,707,2100000
1452,1523,600000
1019,420,39200000
1019,150,800000
1019,578,32000000
1019,413,1100000
1019,169,200000
1019,534,200000
1019,208,37527800000
1449,522,5300000
64,1475,1200000
1094,1067,200000
1307,1281,50300000
1307,1345,1500000
86,1407,1300000
86,1150,100000
86,1720,300000
86,584,100000
86,1158,300000
86,575,2400000
86,10,200000
86,1505,2800000
86,184,500000
86,815,1800000
86,88,300000
86,1636,1200000
86,1065,400000
753,1270,1300000
280,953,11800000
12,1718,187000000
12,1584,4300000
1634,653,1300000
991,436,900000
991,1800,62000000
60,1035,2000000
831,170,500000
58,1480,100000
58,262,100000
1064,170,6200000
693,170,1000000
693,1308,600000
693,1480,2500000
693,1605,300000
1305,170,2500000
1605,693,500000
1605,58,800000
1605,170,200000
748,170,600000
1692,831,700000
1692,170,100000
861,718,1300000
861,14,200000
861,1232,100000
861,714,100000
861,119,200000
861,1566,100000
1369,1212,10500000
1212,1369,22300000
1808,1702,13300000
87,1047,100000
651,1471,1300000
1773,1590,100000
1689,1787,28000000
698,1834,89300000
1670,749,4900000
155,1479,8200000
155,1345,1700000
155,1104,100000
155,1298,100000
374,1242,813600000
374,548,600000
374,1422,300000
374,1446,100000
1413,1325,200000
1413,88,100000
1413,815,2600000
1413,1505,100000
1413,584,1900000
1413,1150,2300000
1413,575,2100000
1413,1720,3200000
1669,204,1300000
1669,918,100000
1669,636,200000
1158,584,200000
1158,1065,300000
1158,815,500000
1158,94,1200000
1158,88,100000
1158,10,800000
1158,1407,100000
1158,1720,800000
223,67,1300000
203,479,9200000
1585,1289,100000
1585,1266,200000
1585,532,1400000
1585,924,300000
1585,629,300000
1585,1726,200000
1585,1097,200000
1496,6,800000
756,1808,300000
746,561,100000
1164,907,2000000
1029,1702,999600000
1472,1462,400000
1517,245,13100000
1549,1170,10900000
480,1117,700000
282,253,200000
1471,651,2200000
523,65,18700000
1453,343,7400000
1453,363,800000
1453,1729,1200000
1453,1811,2800000
784,1098,30800000
589,757,1400000
592,694,100000
592,1613,100000
1544,140,900000
67,223,1100000
556,1023,2400000
1247,540,4500000
1532,1233,200000
1532,807,3800000
689,1470,100000
689,715,613200000
1442,1153,2400000
1527,1239,100000
924,1255,1200000
924,288,100000
1249,1144,1200000
218,1500,5400000
576,1496,3000000
576,6,2600000
576,464,200000
1500,218,3800000
1255,1726,6500000
11,1251,100000
549,311,100000
549,738,100000
814,1207,300000
1214,1847,1200000
467,1206,100000
1146,1788,200000
1410,758,9500000
1410,943,500000
1410,132,100000
1410,1625,800000
466,48,1000000
1409,401,5100000
782,33,100000
995,1677,64500000
995,793,141600000
779,1496,11500000
985,1736,492000000
1557,1499,3100000
346,402,187300000
1603,914,2813200000
988,1487,200000
988,1409,113900000
988,1250,3700000
988,1592,2200000
988,1143,1500000
988,189,400000
1371,1743,300000
1371,1008,300000
1371,1389,300000
1371,650,1800000
1186,1542,100000
1186,1594,100000
1163,273,21500000
785,699,300000
785,1186,99500000
666,42,900000
666,583,1100000
1636,1150,100000
1636,88,100000
1636,86,1200000
1636,815,1100000
1636,1065,200000
1636,575,1700000
1636,1720,100000
1636,10,100000
1636,1505,400000
1636,1325,500000
1636,1158,100000
81,934,1200000
220,1753,100000
220,1599,800000
220,885,200000
220,1688,500000
25,1738,100000
1187,140,100000
1187,1083,200000
596,27,2800000
1407,815,1200000
1407,1505,300000
1407,575,1900000
1407,86,1200000
1407,1325,800000
1407,10,300000
1407,1720,200000
1407,1065,200000
1407,584,100000
1407,88,300000
1211,539,1000000
1211,824,100000
1211,945,71000000
1211,137,300000
1211,1460,10818500000
198,1323,800000
1085,490,1200000
1738,778,1600000
815,94,100000
815,1636,500000
815,88,300000
815,1413,900000
815,1720,100000
815,1325,400000
815,1407,800000
815,575,2100000
575,1505,1400000
575,10,300000
575,184,300000
575,1065,400000
575,1413,900000
575,1636,6400000
575,815,3300000
575,1407,1800000
575,1325,700000
575,584,100000
575,1150,200000
575,1720,300000
575,94,200000
215,1478,100000
1325,815,1100000
1325,184,200000
1325,88,300000
1325,1413,200000
1325,1065,100000
1325,575,600000
1325,1407,300000
1325,1505,300000
860,1363,300000
430,943,100000
430,72,100000
430,1546,600000
1506,758,29500000
1506,688,27700000
839,1473,228600000
839,595,100000
839,1225,42400000
839,1742,2900000
839,891,1400000
839,1394,300000
78,1569,10700000
78,925,300000
78,1591,200000
78,1433,1300000
89,1293,1000000
1251,11,2900000
1637,1333,100000
1637,494,100000
1637,1854,6000000
344,1718,1600000
457,1038,173400000
457,1210,4700000
457,823,300000
457,927,10500000
457,789,147000000
457,382,164600000
1520,207,11600000
1687,1336,400000
39,268,2400000
1397,1113,100000
1397,1366,200000
1162,1147,1000000
1041,1294,20800000
1041,745,13600000
1041,801,44000000
1041,638,300000
1041,622,31100000
429,1391,196800000
429,1825,1800000
429,162,400000
994,478,6900000
994,808,700000
994,1007,200000
994,991,5300000
994,1534,10400000
994,1800,4000000
994,1378,300000
994,911,1600000
994,1394,1588400000
994,876,200000
994,1479,2900000
994,265,28000000
994,1582,500000
994,331,900000
994,1078,200000
994,832,41100000
994,1417,2300000
994,921,400000
994,1309,95300000
994,1492,2800000
994,1195,12000000
994,839,2087600000
994,1345,600000
994,1563,200000
1805,1545,4900000
649,1545,800000
1545,649,1200000
1545,1014,15700000
1545,1805,1200000
1590,1779,10400000
1590,1286,1200000
1590,1758,100000
1590,168,200000
1590,1248,200000
1590,294,500000
1590,314,200000
1590,1765,300000
1590,764,7400000
276,448,52700000
41,1375,300000
1771,820,18800000
1771,978,900000
1771,1272,1600000
1771,931,400000
508,677,200000
1719,384,1300000
1515,844,4400000
1281,595,900000
1281,1485,42600000
1248,973,1200000
1062,1463,9100000
1365,1660,300000
36,820,5000000
36,978,213000000
36,1587,272000000
36,1272,239700000
577,994,700000
577,127,300000
577,1195,4800000
577,91,4600000
577,1478,2400000
577,1004,1100000
577,1485,500000
577,1534,1800000
577,187,1800000
577,612,1700000
577,598,1500000
577,582,100000
577,1742,4000000
577,1165,1700000
577,595,100000
577,1800,209100000
577,265,7800000
577,1226,900000
577,1744,1700000
577,1042,2300000
577,891,6900000
577,154,1500000
577,436,700000
577,1000,300000
577,1037,191100000
577,707,8400000
577,1683,200000
577,1160,6900000
577,89,1800000
577,992,4700000
577,769,400000
577,836,1300000
577,215,1100000
577,1002,900000
577,755,600000
577,1372,1200000
577,1822,2600000
577,1275,2200000
577,857,3900000
577,503,200000
577,996,1700000
577,1423,1400000
577,126,400000
577,452,4000000
577,1654,100000
577,1078,100000
577,179,100000
577,813,800000
337,848,1200000
1061,1843,1300000
1061,976,100000
1084,1346,10600000
1084,1743,200000
1084,650,900000
1084,360,300000
1084,1371,33700000
63,1111,400000
1032,652,100000
1772,1645,400000
1772,1735,400000
1772,271,400000
1454,535,100000
1454,243,500000
1394,347,500000
1394,1473,100000
1394,994,394000000
1394,127,200000
1394,1072,1000000
1394,1149,100000
1394,577,100000
1394,1742,79000000
1394,1138,600000
1394,935,6800000
1091,341,4100000
1091,80,19500000
1091,324,100000
844,1515,1800000
844,1508,200000
844,463,700000
844,1558,200000
844,1228,1200000
1303,585,2700000
83,211,1900000
83,1203,200000
373,1254,100000
1310,450,400000
1310,563,2000000
1310,180,300000
68,320,3700000
1095,1083,200000
1095,140,100000
1095,694,400000
1149,126,300000
1149,1226,100000
1149,1281,2500000
1149,1683,200000
1149,127,2000000
1149,857,2900000
1149,1372,1500000
1149,595,900000
1149,503,300000
1149,836,1300000
1149,991,3400000
1149,452,2500000
1149,1703,700000
1149,1044,200000
1149,769,500000
1149,244,200000
1510,74,200000
268,1705,7400000
1312,1060,1500000
26,63,144700000
544,208,300000
1789,249,4200000
1789,1020,200000
703,1217,300000
703,626,100000
85,901,1300000
1478,707,100000
1478,91,100000
1412,1213,500000
1412,1060,2900000
1412,156,900000
1412,797,1300000
1412,1312,2500000
266,155,2200000
266,595,93800000
266,1104,2500000
266,1277,400000
204,1732,3600000
204,640,1200000
204,1657,1800000
204,636,5700000
204,1638,2600000
204,572,2400000
204,1669,5400000
204,915,1200000
204,1606,1900000
755,769,400000
755,452,100000
208,1019,5500000
598,89,1400000
598,769,300000
918,57,100000
1694,1770,1800000
1760,613,2600000
341,1091,2400000
341,80,3700000
813,1293,200000
984,1522,200000
1601,807,23300000
1473,1201,1100000
99,744,5300000
339,1031,100000
427,1221,1800000
1254,1383,100000
591,1327,1200000
591,542,2400000
591,1379,1200000
472,1083,200000
472,140,200000
472,694,600000
778,284,900000
778,414,300000
948,644,200000
1550,1345,4000000
1587,646,200000
1587,919,4800000
1587,1756,2100000
1587,160,100000
1587,1260,23500000
1587,1437,7200000
1587,574,1100000
1587,1597,1800000
1587,1384,400000
1587,1771,100000
1587,1830,100000
1587,803,20900000
455,1024,1100000
455,531,500000
455,1357,2600000
455,1786,900000
818,1761,276200000
1513,320,100000
811,1486,300000
811,1630,200000
1541,1287,5300000
484,167,1100000
484,232,2500000
484,820,58800000
484,700,200000
484,1794,3900000
484,111,2100000
484,186,2400000
484,1302,2300000
484,956,2800000
1300,264,400000
1300,429,200000
62,395,1400000
62,1530,1700000
62,1516,200000
62,227,4900000
62,780,2000000
62,573,600000
306,1838,200000
828,1838,200000
828,140,5900000
473,82,100000
1768,464,800000
749,923,100000
595,577,700000
595,1138,700000
595,1744,1200000
595,503,2000000
595,836,1200000
595,582,3700000
595,1160,100000
595,452,400000
595,1309,19500000
595,994,518900000
595,1742,616000000
595,265,400000
595,707,200000
595,598,1300000
595,616,27900000
595,1188,100000
595,154,200000
595,1479,7500000
595,1307,2500000
595,526,600000
595,1345,6500000
595,1800,1700000
595,1478,1000000
595,89,200000
595,1275,800000
595,612,1200000
595,1042,200000
595,991,100000
1528,92,1147000000
201,7,100000
1083,694,2500000
545,384,1400000
835,204,100000
835,251,3200000
835,647,6800000
835,1669,100000
835,741,200000
835,1135,100000
696,822,2600000
97,1764,2500000
1092,1674,2900000
1092,1142,4200000
1092,1574,2000000
1092,485,1600000
1092,475,200000
1826,890,3100000
1826,1577,2300000
1826,627,1800000
1826,1424,2400000
1826,1318,2400000
1826,237,2200000
1826,1102,2400000
1826,833,2200000
1826,1535,7500000
1826,720,2400000
1826,1746,4200000
1638,1696,4100000
184,815,200000
184,1065,1700000
184,10,700000
184,86,100000
184,1720,100000
1461,1349,100000
1461,1707,1200000
468,320,4100000
468,676,100000
1850,1825,2100000
1543,694,2500000
1376,1112,1600000
996,769,22100000
996,1293,2100000
996,836,700000
836,769,8700000
836,996,200000
836,1293,1600000
154,769,6100000
154,996,300000
1042,215,200000
807,1233,100000
990,1291,100000
697,1011,1200000
1375,1835,242800000
1375,41,500000
857,1004,100000
857,1195,100000
857,1372,200000
857,1703,100000
992,1683,1200000
992,1372,1200000
1275,1744,400000
1275,1372,300000
452,1195,1800000
452,1372,2700000
452,1683,900000
1372,1683,1500000
70,42,200000
70,666,14700000
1301,235,900000
505,1838,200000
267,400,100000
199,1555,400000
1742,265,900000
1742,1703,100000
1742,179,2000000
1742,755,2000000
1742,526,4400000
1742,1479,26300000
1827,1717,500000
1827,1127,300000
1827,677,100000
1769,1215,400000
1769,941,2300000
516,1590,1200000
1323,198,600000
1809,101,600000
1809,1770,6700000
1522,1783,1200000
1522,1215,1200000
308,1264,400000
308,124,700000
308,493,800000
308,747,300000
1451,415,1800000
1451,1699,200000
1451,1245,3400000
1717,500,500000
1324,1469,100000
825,21,87600000
1018,440,1300000
1018,1058,200000
1018,1511,200000
1018,1110,1200000
1018,1261,1200000
694,592,300000
1189,1,800000
1761,993,300000
1761,818,14900000
1761,335,3500000
1761,1583,800000
691,998,1115800000
691,161,100000
310,1017,31400000
310,197,5800000
750,1453,500000
923,749,300000
855,1838,500000
71,440,100000
1720,1407,300000
1720,584,100000
1720,1065,1500000
1720,575,1500000
1553,529,14600000
10,584,600000
10,1407,100000
10,1065,400000
10,1150,700000
10,575,600000
10,1325,100000
10,94,600000
10,184,100000
10,1158,700000
10,1720,400000
10,1636,100000
937,121,100000
1631,1633,300000
486,684,100000
486,1561,100000
503,612,2500000
1806,995,600000
91,215,200000
1148,590,300000
930,1553,4400000
832,1201,3000000
832,839,5900000
832,347,600000
832,1394,37000000
832,1742,309000000
832,935,1600000
832,891,1000000
832,1072,500000
858,1310,13600000
458,109,300000
1147,699,200000
1147,1825,225100000
1736,985,15700000
809,1060,3900000
809,1213,2100000
375,1218,100000
375,807,1600000
695,534,1000000
1831,555,200000
1831,1393,800000
1831,309,900000
1831,403,600000
1831,701,800000
1831,219,800000
1150,1636,100000
1150,10,1000000
1150,1065,300000
1150,815,100000
1150,86,100000
1065,575,400000
1065,1407,400000
1065,86,300000
1065,1636,500000
1065,1505,100000
1065,10,700000
1065,184,400000
1065,815,600000
1065,1158,200000
1065,88,100000
1065,1150,400000
1065,584,200000
1065,1720,700000
1131,949,100000
754,1822,100000
79,1588,100000
1556,181,7100000
594,747,700000
594,1264,200000
342,1060,10500000
747,1632,400000
1474,1521,300000
72,1546,200000
701,309,400000
701,1396,400000
701,1231,100000
701,1393,700000
701,219,400000
701,555,600000
701,675,100000
701,1831,600000
555,309,100000
555,675,100000
555,1396,300000
555,701,400000
1393,309,900000
1393,675,700000
1393,1831,1000000
1393,701,800000
1393,219,1200000
1396,309,800000
1396,675,200000
1396,1831,1200000
1396,555,100000
1396,701,600000
1396,365,100000
1396,1393,2300000
1396,1231,1600000
1396,219,1500000
214,708,1000000
313,588,1500000
1833,100,114300000
986,1414,100000
1309,1417,100000
841,1432,200000
1505,1407,1700000
1505,1325,700000
1505,1636,200000
1505,1413,200000
1505,184,100000
1505,1158,100000
1505,88,300000
1505,575,2600000
1505,1720,100000
1505,815,2800000
336,895,2900000
1693,854,11500000
1693,709,200000
1693,794,2500000
1693,1103,6600000
650,1371,3500000
808,1277,100000
808,1298,4500000
808,1307,1400000
808,1104,2900000
808,595,30800000
465,174,47900000
613,1773,2000000
613,1590,400000
613,1234,1500000
613,481,100000
613,294,700000
613,764,600000
1304,47,3700000
1304,789,3600000
1304,823,2300000
1304,1038,2700000
1304,1116,1400000
1304,1210,5600000
1594,1186,100000
400,278,100000
1159,320,2500000
1695,1542,200000
1695,1825,193200000
1607,1205,16300000
1607,732,2000000
1607,1548,19100000
1607,488,4900000
1607,1274,48400000
1607,624,17500000
1607,810,15700000
1607,177,7000000
1607,1540,9400000
1607,250,16800000
1607,399,15000000
1607,1504,2700000
1607,229,800000
1607,1326,7000000
1607,957,17600000
1607,418,5800000
1607,1370,10600000
1607,805,20900000
1607,254,19500000
1607,447,18800000
1607,37,1900000
1607,1780,12900000
1607,1367,24200000
1607,711,10500000
1607,1087,14500000
1607,1565,22200000
1607,721,18800000
1607,932,17300000
1607,417,5700000
1607,878,18100000
1607,1725,13700000
1607,766,12800000
1607,1130,15500000
1607,1182,13100000
1607,959,16400000
1607,157,3000000
1607,1644,16300000
1607,1377,14800000
1607,1616,9600000
1607,843,18400000
1607,233,6100000
1607,1128,16900000
1607,1313,19200000
1607,570,16600000
1607,279,13700000
1607,765,24200000
1607,248,18900000
1607,710,15200000
1607,645,14600000
1607,515,188500000
1607,1539,4900000
1607,1755,12200000
1607,210,2000000
1607,1438,11600000
1607,1525,13200000
1607,1763,18200000
1607,236,4600000
1607,182,15800000
151,1651,2000000
151,547,3600000
1060,1213,2100000
1060,156,1300000
1060,797,2800000
1843,1061,2000000
1444,1784,2800000
580,973,3500000
580,1590,25800000
580,1765,1500000
580,613,18500000
219,1396,1100000
219,1831,700000
219,309,1400000
219,1231,600000
219,555,200000
219,701,500000
219,1393,1100000
690,673,200000
588,1025,600000
588,313,21200000
1017,310,700000
1017,1555,5600000
93,1553,106600000
762,1381,1400000
762,22,400000
578,534,10100000
1547,954,400000
454,1476,1100000
1633,1707,2000000
1633,1631,700000
183,1073,1200000
183,1735,1200000
183,1118,1200000
183,1645,1200000
183,271,1200000
183,1533,1200000
1161,690,100000
1161,965,500000
1828,665,100000
1632,124,2300000
1632,1368,100000
1632,747,1800000
1632,520,2500000
340,445,2600000
22,762,2400000
752,880,1500000
1253,850,1600000
572,1344,1100000
572,918,200000
572,636,100000
1028,1220,900000
1531,1748,200000
1213,1412,300000
156,1412,200000
90,512,1600000
277,1670,1000000
1030,190,1000000
1030,192,300000
688,758,300000
66,977,1200000
66,107,1400000
66,1717,400000
66,1127,1700000
66,677,4000000
66,85,1200000
80,324,26300000
80,1091,435700000
1395,937,7500000
1551,908,3700000
1551,286,290100000
57,610,1600000
57,251,800000
57,362,1600000
57,1488,100000
57,647,1100000
57,1777,200000
24,961,100000
24,910,200000
1086,1603,42700000
1455,1043,6600000
1043,1455,1100000
947,290,4500000
692,30,106300000
648,705,200000
1188,1000,500000
1188,1492,1300000
1188,911,5500000
1368,1264,200000
856,1816,2100000
856,913,1200000
856,1639,1400000
856,246,1700000
84,1397,100000
1445,1831,700000
464,6,1300000
464,779,1200000
1063,519,1200000
1063,1466,1200000
581,1526,1200000
403,701,1700000
403,936,1400000
668,62,2400000
309,1231,200000
309,1831,900000
309,555,200000
309,1393,1300000
309,701,300000
309,219,1700000
309,1396,700000
1697,1269,74600000
1697,112,13100000
1697,914,100000
1697,1406,300000
1697,1086,100000
1190,1186,600000
550,306,100000
550,517,100000
550,1838,300000
550,258,100000
1498,1840,1300000
456,316,1100000
1311,124,200000
1311,1264,700000
1311,493,200000
1322,1584,1200000
1322,206,400000
1322,207,500000
1322,1520,100000
612,769,1500000
612,1423,900000
612,1703,100000
1791,1415,200000
1791,1727,300000
1791,871,100000
1791,1728,100000
804,772,3600000
502,1816,100000
207,1718,5300000
207,981,100000
207,1602,800000
207,837,1200000
207,952,1900000
207,274,1400000
207,1405,8400000
614,1358,2500000
1546,1629,100000
1546,758,1100000
1546,1538,200000
1546,1051,100000
1546,1243,100000
1546,795,100000
760,1622,100000
687,633,1200000
647,1638,100000
647,835,100000
647,1696,1700000
647,610,100000
1696,835,200000
1132,63,1200000
1093,1245,300000
1093,1332,3200000
712,73,200000
712,572,100000
712,1351,8400000
593,906,1200000
1508,844,100000
371,1782,1200000
758,1506,4700000
758,688,1100000
463,844,6700000
571,1792,8100000
806,691,600000
314,973,1200000
504,977,100000
471,1156,100000
1040,1181,300000
931,919,2400000
931,803,58300000
931,574,2400000
931,1756,100000
931,1830,100000
931,1771,4700000
931,905,100000
931,160,2500000
931,776,100000
931,111,3600000
931,1384,51900000
1250,988,1200000
152,512,3900000
152,1314,1200000
453,1444,900000
453,1784,3700000
1668,443,300000
1767,1476,100000
1849,987,100000
38,786,2500000
987,895,300000
987,336,1200000
667,821,300000
1807,496,1200000
1807,512,1300000
1635,77,92600000
702,1189,100000
1690,1662,100000
59,874,800000
372,751,100000
1846,1186,2500000
1542,1186,400000
1542,1825,25600000
1810,1229,8300000
1810,444,600000
345,1,2800000
345,1237,100000
23,1314,1200000
1252,1315,500000
1059,1031,8100000
543,355,1200000
1534,755,100000
776,1756,4400000
776,1587,1100000
776,1272,2000000
776,931,3200000
776,978,1800000
483,1696,100000
483,610,2100000
483,835,1700000
483,1732,100000
483,636,1100000
483,57,1900000
483,1344,100000
483,362,1400000
483,73,15800000
483,1351,4700000
483,647,800000
573,1516,1700000
573,780,100000
777,781,23200000
216,782,100000
759,1202,1200000
759,164,1200000
759,838,1100000
935,839,15400000
935,832,75100000
935,1225,200000
935,1072,400000
935,1394,116200000
597,847,2000000
597,1388,400000
597,349,400000
1698,57,100000
925,1569,45700000
925,78,26500000
1591,78,2300000
1591,1569,600000
35,1434,700000
1519,396,1200000
1519,517,1200000
1519,694,1300000
1741,1730,100000
1741,536,100000
1145,1181,100000
1606,1351,2500000
476,931,12100000
202,1836,100000
1554,1785,400000
1554,706,3500000
217,1043,7000000
1184,661,1200000
1184,411,1200000
1184,110,1200000
1184,1227,1200000
1457,1053,100000
1090,1496,300000
1832,366,2400000
853,1295,1100000
404,958,1300000
1497,1401,70300000
1497,497,4900000
92,1528,1300000
574,931,100000
867,677,1200000
867,1717,1900000
867,1127,800000
1403,181,3700000
1218,807,900000
1218,1570,7100000
1231,1445,100000
1231,675,200000
1231,309,100000
1231,219,500000
1231,1396,600000
1231,701,100000
1272,389,300000
1272,931,1200000
1272,574,100000
1263,862,1600000
862,1263,1000000
292,600,300000
292,1200,100000
292,300,300000
292,1580,100000
31,225,138900000
31,405,34100000
31,388,7200000
31,1711,10100000
31,761,35300000
31,1664,31300000
31,1136,19700000
31,1055,143600000
31,16,20000000
31,1027,26500000
31,1801,24600000
31,1672,12400000
31,630,40100000
31,553,9800000
31,1292,46600000
31,1050,35800000
31,1080,34400000
31,1796,31000000
31,1076,36000000
31,490,249700000
109,458,100000
1353,1093,100000
662,74,1700000
7,273,600000
7,1282,400000
7,1604,300000
7,1180,300000
7,1766,200000
7,893,200000
7,1456,200000
7,1512,500000
7,1163,400000
7,1404,100000
1178,1351,100000
1178,835,100000
1344,1732,3400000
1344,1638,100000
982,246,500000
17,625,65300000
1069,1841,100000
729,1230,100000
106,695,1400000
106,1019,14200000
1053,722,100000
1665,224,35400000
1341,1784,2700000
1341,443,2400000
1341,428,2600000
443,1784,10200000
1050,405,300000
1050,388,7500000
1050,1080,33000000
1050,1711,6000000
1050,1801,500000
1050,1796,100000
1050,31,1100000
1050,1292,100000
1050,1076,1100000
618,906,400000
618,1354,200000
1267,931,9800000
1267,978,100000
8,325,4600000
1265,374,1200000
1421,1489,100000
1361,1074,4800000
325,8,45100000
325,706,3300000
325,1785,99100000
325,1554,63600000
978,1587,300000
978,1260,300000
978,574,100000
978,931,2800000
978,389,400000
105,963,100000
771,340,29900000
771,1733,1700000
393,1684,100000
393,888,100000
393,946,100000
393,1778,100000
393,716,100000
393,287,100000
143,1436,300000
409,863,100000
602,1693,1300000
1578,336,10800000
1821,1021,100000
1821,524,9100000
1821,359,2100000
133,723,200000
378,706,100000
378,8,300000
444,1810,600000
1677,995,200000
1236,626,100000
1236,743,1000000
1236,623,500000
1611,1747,154300000
1663,620,100000
1663,1360,100200000
1663,674,100000
636,1657,2600000
636,1638,1000000
636,610,100000
636,647,100000
636,362,200000
1658,490,600000
1658,225,1200000
225,1796,800000
225,16,17400000
225,1055,16000000
225,388,1600000
139,1697,100000
107,1127,100000
107,1827,200000
1136,490,36800000
1136,1027,700000
767,220,4800000
51,455,1300000
1752,889,400000
74,446,11600000
1597,1756,1300000
1597,1272,400000
1597,978,400000
196,1715,100000
977,508,100000
977,1482,200000
977,901,800000
1667,1521,1200000
1667,507,100000
1667,1347,100000
1335,1359,700000
1335,1588,100000
1335,525,1300000
1335,1139,800000
319,1350,2500000
438,499,2500000
1401,1497,195300000
406,1348,100000
1624,1144,1200000
140,1838,1500000
329,780,200000
32,778,1200000
1716,1468,400000
1416,691,16500000
115,565,100000
717,1577,300000
717,1155,100000
717,334,400000
717,1535,400000
717,1268,600000
439,613,300000
439,1590,400000
610,647,1000000
610,741,100000
610,636,100000
610,251,800000
1803,1012,2700000
1803,937,3800000
1007,1309,5600000
1625,1586,1400000
1625,688,1300000
1625,1546,300000
1625,1749,100000
1625,538,100000
1625,132,100000
1625,1410,1200000
493,747,2000000
493,1368,600000
1169,1426,100000
1351,712,1800000
1351,1777,5800000
1351,73,4200000
191,190,600000
1781,338,4900000
1781,255,100000
719,76,300000
44,108,3100000
868,1575,100000
1703,769,800000
1223,1503,500000
95,425,300000
1354,906,5400000
55,906,200000
628,320,5200000
294,613,100000
294,1590,200000
294,973,4900000
606,410,100000
606,1034,1778900000
1619,1089,1400000
1317,1483,300000
1317,1564,300000
1317,656,800000
328,734,500000
1794,484,1100000
1794,820,121100000
1794,956,1300000
1794,1302,400000
1794,83,1300000
1794,186,900000
1794,111,4800000
1794,232,200000
1794,211,400000
983,1429,20800000
1047,87,200000
1047,657,100000
1047,1191,200000
1047,1598,100000
1799,1419,200000
1799,1566,2400000
1799,679,200000
526,616,4000000
526,1309,1400000
526,347,100000
1627,1046,200000
1352,597,1600000
1800,1222,100000
377,1218,1200000
635,1124,100000
635,394,200000
171,1142,300000
171,475,500000
171,326,1100000
171,1574,100000
171,485,200000
171,1172,400000
148,1802,400000
148,144,900000
148,897,200000
148,882,400000
148,725,400000
148,422,400000
148,1285,900000
148,1306,600000
148,939,600000
1259,1685,1700000
1259,557,400000
1259,461,400000
1495,1559,2400000
617,408,2200000
675,1231,400000
675,1393,200000
675,1396,200000
675,555,100000
675,219,33400000
1424,19,200000
1424,627,2100000
1424,1318,6100000
1424,728,100000
1424,717,300000
228,1854,200000
1796,225,300000
1796,1292,100000
1796,1055,200000
1796,1080,2100000
1820,1747,149800000
1320,18,800000
1320,796,100000
1595,942,600000
1595,242,100000
195,942,900000
242,1284,2600000
193,432,200000
1294,1041,6100000
1333,1637,100000
1026,1648,300000
33,782,200000
1068,235,100000
1068,1049,500000
1068,1715,100000
1226,996,600000
1226,1293,100000
187,769,2200000
187,813,500000
187,996,100000
187,1293,200000
1004,813,100000
1004,1501,100000
323,581,100000
1676,171,100000
1676,1290,1100000
1676,928,1300000
1071,1489,21800000
1490,1588,600000
1358,1332,2300000
1358,501,200000
1358,1353,2500000
1358,845,10600000
1358,1245,500000
1358,1706,5300000
1617,1569,100000
186,232,2200000
186,83,2200000
186,931,1700000
186,820,11200000
186,956,3400000
186,1587,3200000
186,484,2300000
1420,740,800000
18,1320,1200000
1049,235,4800000
1049,1715,2300000
45,1321,100000
45,77,300000
45,1036,200000
129,272,400000
585,275,1200000
585,887,1200000
585,1390,1400000
1135,610,100000
1135,362,200000
1135,647,200000
643,204,1900000
643,1732,300000
643,1669,600000
643,835,200000
869,1077,100000
1139,1588,13100000
1398,194,1900000
299,644,96900000
331,1387,200000
194,1015,2700000
194,1045,800000
194,1364,2300000
194,513,1200000
194,367,400000
194,1815,300000
194,1745,400000
194,964,1200000
194,1722,1300000
1423,769,1700000
1423,1293,100000
1296,61,100000
973,495,200000
973,764,200000
973,613,600000
1489,358,100000
1489,135,200000
1489,564,200000
1489,1421,1200000
1489,664,100000
30,692,900000
6,1090,2200000
1166,1338,2200000
644,1122,1800000
644,1114,200000
644,238,4200000
772,123,1200000
772,357,900000
1734,599,100000
317,2,100000
1666,835,2300000
1666,362,2100000
1666,1669,1600000
1666,1351,200000
1666,918,1600000
1666,610,1600000
1666,204,4600000
1666,572,1800000
1666,1638,3200000
1339,1197,8000000
1101,1715,1200000
1101,1049,1200000
1101,1068,1200000
720,1577,300000
720,627,100000
720,19,200000
126,577,1400000
733,512,100000
1793,1408,200000
1732,1696,6400000
672,1043,2500000
586,1815,1200000
586,873,2300000
586,509,8500000
586,194,5100000
412,1574,100000
412,1238,2400000
1657,1732,100000
1385,844,100000
1334,2,200000
361,240,200000
742,1817,200000
788,842,3000000
788,1589,1500000
788,1523,500000
1782,1441,300000
1177,1196,1500000
1055,1080,400000
1271,431,1800000
1271,1445,5000000
459,546,700000
459,327,1100000
459,138,13000000
459,970,1900000
389,978,100000
114,1334,100000
114,317,600000
114,1484,200000
114,1650,500000
114,4,3300000
173,443,100000
173,1784,100000
1356,583,500000
1356,552,1600000
1356,54,2200000
1596,737,100000
1596,506,3100000
1387,436,200000
770,966,800000
770,1536,1100000
1292,1664,1500000
1292,1672,1100000
1292,1080,19900000
1292,1027,500000
332,1853,300000
1003,379,5000000
1027,1292,400000
1027,1136,500000
240,361,600000
1195,1703,500000
1195,1004,100000
56,1003,200000
1417,1394,200000
1417,871,100000
1417,577,300000
1417,1309,100000
460,2,100000
94,10,200000
124,370,100000
124,1632,2700000
124,1701,300000
124,308,200000
188,1821,100000
350,943,100000
350,132,1100000
902,1572,7700000
136,682,4900000
1814,1686,100000
390,474,1200000
390,1458,1200000
390,1320,1800000
390,631,1800000
390,315,1200000
390,1560,1200000
390,18,1200000
390,796,1200000
390,768,1200000
1157,1588,200000
1157,1335,100000
968,310,5400000
968,1555,2100000
185,268,6600000
116,1621,300000
1023,556,11600000
1154,615,1200000
1653,1152,100000
1382,774,2800000
1273,1740,2200000
387,120,300000
1155,348,1600000
1155,1126,1600000
1155,1826,4500000
1155,1746,1200000
1155,791,1200000
1155,334,2700000
1155,1795,2700000
1155,237,4100000
1155,256,2400000
1155,1192,2300000
1155,1535,3600000
1155,259,200000
1155,890,1200000
731,107,200000
241,1197,900000
1379,1447,8100000
1379,1634,1000000
1379,653,6000000
1381,22,4200000
1381,762,10400000
639,1357,1100000
639,1024,8500000
639,1786,1600000
639,1691,200000
1652,1484,100000
1652,317,200000
2,1484,1000000
2,407,600000
2,1650,600000
2,826,100000
2,1022,100000
2,317,400000
2,1334,800000
2,1757,200000
2,1075,500000
2,159,400000
2,1775,500000
2,460,500000
2,763,100000
2,1194,400000
2,1491,400000
621,1650,1000000
621,1075,400000
621,1842,1200000
621,872,100000
621,1484,500000
621,1428,1500000
621,317,300000
621,1757,100000
621,680,300000
1775,2,300000
407,2,300000
303,1747,67300000
376,1529,300000
376,1596,554500000
792,738,700000
792,1244,1000000
792,1151,200000
792,782,100000
792,216,100000
792,163,100000
792,566,100000
1343,774,4800000
1357,639,5100000
1357,455,28600000
1747,1611,151800000
1747,1820,171000000
1747,1088,200000
1747,303,1100000
1747,1402,61600000
1747,533,200000
1340,1552,100000
1006,130,500000
1156,1172,500000
1156,471,400000
16,1055,100000
316,421,300000
1321,77,7500000
1321,231,6900000
1380,1848,3600000
1380,1217,1600000
1380,626,100000
1380,1236,169500000
1380,623,4300000
1380,1125,2500000
897,1179,1200000
897,148,1200000
897,939,600000
897,144,1200000
1332,1056,400000
1332,864,300000
1706,845,800000
603,713,4100000
1491,621,100000
1491,114,100000
601,1588,100000
1801,1459,200000
1801,1080,200000
1801,388,300000
1801,1050,400000
901,290,3000000
335,1761,20400000
305,634,18900000
4,1022,200000
4,1757,100000
4,881,100000
4,1842,100000
4,1491,100000
4,1484,700000
4,317,300000
4,680,100000
1609,1453,1400000
1140,762,2000000
1140,22,141100000
1318,237,400000
1318,1288,100000
442,562,500000
442,1798,17600000
324,341,400000
324,1091,900000
324,80,300000
1649,131,4900000
146,1708,100000
670,181,6500000
1628,834,100000
1628,722,8000000
137,1211,9600000
111,186,600000
111,167,600000
866,428,10800000
866,257,1000000
20,1700,200000
20,1010,1100000
20,912,800000
301,1054,300000
301,1400,7200000
301,391,400000
863,655,200000
1568,880,100000
441,944,6300000
1650,621,200000
1650,114,200000
1176,977,100000
1176,85,300000
239,977,100000
239,85,200000
491,1529,200000
491,482,1400000
491,1712,2300000
491,270,400000
491,376,400000
491,1328,100000
491,1567,1800000
491,1819,2500000
491,1342,1400000
491,1596,3600000
405,1076,2200000
405,1050,700000
405,490,45100000
405,31,2700000
53,1623,200000
53,1099,100000
302,722,2200000
302,1435,100000
802,1296,100000
802,740,3300000
1262,1723,1300000
527,1037,153300000
660,293,100000
660,455,382000000
1654,1004,200000
1654,1195,100000
144,422,200000
144,469,100000
19,1102,100000
19,1155,100000
19,717,100000
166,1043,200000
1266,1585,19200000
1266,1726,3500000
1266,629,3300000
1266,288,1100000
1266,489,1400000
1266,1097,3200000
1266,924,2000000
1266,1255,4200000
245,1517,1500000
1134,1528,300000
381,252,8400000
864,673,1600000
864,1332,100000
48,466,1100000
1402,1747,54100000
327,138,700000
1024,1786,4700000
1024,455,158000000
1024,293,1700000
1704,170,200000
1152,69,100000
1152,1448,100000
1108,1220,1200000
15,1562,1100000
15,158,1100000
15,775,1100000
15,426,1100000
1418,1448,100000
904,823,300000
904,789,43200000
637,1005,2100000
637,138,1900000
1610,593,100000
1711,1076,600000
1711,31,400000
1711,1050,500000
1623,53,200000
1664,1292,300000
54,70,3000000
54,552,300000
54,42,200000
54,960,200000
54,583,400000
54,611,100000
54,1356,33500000
54,261,600000
54,1762,700000
1102,1577,200000
1102,1318,200000
1102,1192,100000
1102,720,600000
1102,1155,300000
1102,1535,300000
1102,1795,400000
980,740,100000
730,1682,5600000
730,506,100000
730,1039,700000
730,829,100000
730,1596,69900000
730,1052,200000
730,1465,900000
730,737,300000
730,376,17300000
730,491,600000
730,285,300000
730,270,1900000
730,1646,1800000
175,772,10600000
440,1018,35900000
440,1058,100000
1399,1643,69600000
1295,853,1300000
1168,577,26600000
1168,707,100000
384,999,200000
1193,268,2600000
49,896,1600000
1171,149,200000
1673,1115,100000
43,644,100000
1731,937,2700000
1731,1012,1000000
1098,784,84800000
295,170,100000
169,695,300000
1105,58,7600000
1105,170,4100000
333,1198,500000
1750,1635,1100000
392,144,100000
1618,1453,200000
882,134,1200000
882,879,1200000
1025,588,700000
9,1635,2200000
9,1321,1300000
1714,1612,1000000
462,477,100000
1257,340,200000
625,17,700000
798,593,100000
1705,268,8800000
355,543,100000
388,31,900000
388,1076,1200000
388,1050,200000
388,490,800000
1329,397,1000000
1656,107,500000
1656,677,7900000
125,118,1200000
125,1241,100000
1575,868,1200000
1264,594,1800000
1264,124,2400000
1264,747,1200000
1264,1368,3600000
1264,520,1200000
1264,493,3200000
1264,1632,600000
380,281,61400000
884,851,7800000
884,1531,200000
1297,289,100000
790,974,800000
1258,372,200000
410,1034,567100000
969,678,200000
969,1224,400000
969,511,200000
1777,73,900000
1777,1669,100000
1777,1351,2600000
659,1481,1900000
659,849,2000000
1099,53,300000
1494,449,8500000
354,683,17200000
354,955,500000
1319,1829,1300000
1173,1307,100000
492,1120,100000
353,681,1200000
353,1430,200000
326,1092,400000
394,171,300000
1580,292,300000
801,1041,1200000
1576,1009,1000000
641,1240,100000
641,1678,400000
641,1671,100000
800,1770,100000
800,1809,9800000
75,1489,9000000
73,1777,6500000
73,1351,2200000
1174,1742,700000
1174,283,600000
1174,347,200000
1174,830,2000000
1174,178,200000
1174,1563,100000
1174,1000,100000
1174,577,2400000
291,931,2700000
291,1587,100000
1100,632,1200000
1142,1092,1000000
1141,846,1900000
437,96,2100000
437,1054,4700000
437,1400,5000000
437,1319,1200000
437,391,2900000
391,1427,2500000
391,1829,3700000
391,1054,14200000
391,521,2500000
391,1319,2100000
1579,1034,920900000
604,967,3400000
605,1754,400000
1054,1400,300000
1675,1693,300000
1675,854,300000
1056,864,100000
1056,673,1300000
789,382,2400000
883,1659,21300000
883,554,19300000
883,5,28100000
883,528,43700000
883,433,132000000
883,568,84500000
104,1623,500000
104,53,800000
1107,626,1000000
1107,623,7200000
1107,1236,76600000
1359,1588,100000
356,1845,21500000
383,941,1100000
383,1215,300000
674,567,100000
352,115,300000
1328,1052,100000
1328,1596,1300000
1567,491,1200000
1567,1465,300000
1567,506,1200000
1194,1075,2900000
1194,1484,100000
436,331,5200000
436,1387,100000
42,1762,100000
42,54,700000
1222,921,1100000
96,391,5500000
96,1400,2500000
96,1054,3000000
96,1319,700000
96,301,1400000
96,521,1100000
96,437,2700000
96,537,6800000
96,1829,2800000
113,1637,8000000
113,1854,13100000
386,268,3800000
607,931,100000
1778,487,4200000
300,292,100000
170,1105,300000
170,1818,200000
170,262,1400000
170,295,100000
1712,1477,100000
1712,1465,100000
1712,506,1500000
1712,1299,300000
1712,1682,100000
128,268,1900000
147,1569,500000
799,644,11300000
490,388,20000000
490,1711,22200000
490,1796,78700000
490,1055,80200000
490,1027,28600000
490,1080,11600000
490,225,67000000
490,761,43200000
490,1664,61700000
490,16,24400000
490,1050,49700000
490,1801,21600000
490,630,30200000
490,1076,8200000
490,31,10400000
490,405,13500000
490,553,24800000
490,1136,28100000
490,1672,15100000
490,1292,49300000
227,1516,500000
76,654,1300000
1196,587,300000
29,1663,1200000
29,620,100000
29,1514,1200000
29,567,100000
243,1454,100000
1608,290,500000
1608,1127,400000
1400,1054,21500000
1400,301,28500000
1400,96,100000
1400,437,1500000
1400,1829,2000000
1400,1427,100000
1400,391,1600000
318,290,800000
583,611,3700000
141,1217,100000
627,334,100000
627,1318,2500000
627,791,100000
627,19,100000
627,1155,200000
627,1102,400000
627,256,600000
627,237,1200000
627,1126,100000
627,1535,300000
627,1577,400000
172,435,100000
172,892,200000
138,1797,100000
138,1005,1700000
608,654,7100000
1331,1588,100000
1005,970,100000
1005,459,100000
735,214,1200000
735,151,1200000
385,567,300000
145,1392,1000000
1153,1442,2500000
1153,751,1100000
1153,541,1200000
1153,372,3300000
1655,1019,100000
1655,695,2000000
769,1293,200000
321,894,200000
321,740,9200000
1620,920,8700000
1620,1571,36800000
609,1443,400000
1651,151,5800000
1819,482,200000
620,1360,7500000
620,1518,38700000
112,1697,700000
736,290,3900000
47,1304,200000
1626,1450,4200000
108,44,73200000
1298,1281,100000
1298,1479,78300000
1345,1104,100000
1345,1479,14300000
1345,994,300000
1345,266,400000
1048,705,400000
1175,1527,7900000
134,422,1200000
134,897,1200000
293,142,900000
293,1776,100000
293,1786,800000
970,459,3600000
970,138,6500000
174,465,22900000
1256,1709,2400000
1256,909,100000
1256,658,100000
1256,1646,1400000
1256,1710,2700000
1256,1837,2700000
1256,989,200000
1256,1596,11000000
1256,1439,200000
1256,829,2100000
1256,1682,500000
1256,1465,1000000
1256,787,2700000
1256,1425,100000
1256,1509,2900000
1256,263,300000
1256,1524,500000
663,268,5600000
898,384,8000000
673,1332,3400000
673,1245,100000
176,1615,7600000
46,593,200000
408,165,1700000
408,1337,1800000
408,1647,1300000
408,1355,1200000
408,726,1200000
408,1467,300000
408,1641,1200000
408,922,1200000
408,423,1800000
408,617,1200000
408,1109,1200000
408,1183,1300000
408,852,1800000
408,530,1200000
408,827,1200000
408,212,1700000
408,1081,1200000
865,588,60800000
1170,1549,12400000
629,924,200000
629,1726,100000
629,1255,100000
1630,1821,107700000
903,929,1200000
1316,1338,9800000
297,588,300000
626,703,1000000
626,1380,1200000
1629,943,300000
1674,471,3300000
1674,1156,200000
1330,1464,100000
1330,278,9900000
1330,1600,1300000
1330,862,300000
1330,1263,100000
334,1126,200000
334,1192,100000
334,237,1700000
979,1001,100000
979,1493,28000000
34,188,1300000
744,99,100000
744,1204,100000
461,1259,1300000
244,577,700000
322,1761,1200000
1342,1596,200000
1342,1465,100000
1342,285,100000
1342,1682,1200000
1804,740,800000
642,1443,100000
1235,1531,100000
14,119,100000
972,1643,600000
1776,455,108600000
1776,293,1200000
1776,1751,500000
1776,639,22900000
50,1440,1200000
28,1681,2300000
379,1003,3500000
1463,1640,400000
1463,1062,900000
1463,1573,1300000
1713,470,29000000
1386,1273,600000
5,1659,2700000
5,433,7700000
5,568,1300000
5,528,100000
584,1407,100000
584,575,100000
584,1720,100000
1621,116,22200000
1661,665,600000
870,579,1200000
971,138,3600000
971,1005,1200000
971,459,1200000
296,762,300000
296,22,1200000
1419,671,1200000
1167,122,200000
1172,1124,600000
1172,1156,800000
1172,171,400000
1137,292,200000
142,293,2000000
1812,1034,1281600000
1360,1663,300000
1360,1514,100000
718,119,4700000
1052,1529,3300000
304,1216,1200000
1384,1587,500000
1384,931,8400000
905,931,100000
905,1587,100000
1225,1473,8200000
669,1057,13500000
1057,669,5200000
1057,975,2400000
3,205,200000
330,424,2000000
330,419,27700000
330,416,1300000
1070,471,100000
1070,171,400000
1070,1092,200000
619,718,100000
619,812,100000
619,1799,2600000
1566,718,2000000
1566,1799,700000
1566,671,11100000
1566,783,2800000
1566,119,1400000
1566,812,6500000
791,334,4400000
791,1155,1200000
791,1826,23700000
791,717,2000000
1269,1697,7500000
1749,758,400000
1749,72,6600000
52,1839,100000
226,937,1400000
1748,1531,200000
1748,1759,100000
1748,1,100000
1748,1066,2300000
351,49,1200000
1751,1129,300000
1751,142,600000
1577,627,100000
1411,1287,37700000
1279,102,100000
1279,1536,100000
683,955,500000
433,528,3700000
433,568,1500000
816,1198,200000
875,501,100000
1672,1027,500000
1529,506,100000
1238,394,300000
1238,1156,1000000
1238,962,100000
1238,412,2800000
1238,1124,1900000
1238,171,300000
1124,1172,200000
103,1825,100000
475,1092,100000
368,1092,1400000
1790,1733,1300000
709,854,2200000
709,1693,8000000
1013,1475,37900000
892,312,100000
117,153,7500000
1232,783,14300000
1232,812,14100000
1232,671,8400000
1448,69,200000
1448,1653,100000
1076,490,423400000
1076,16,18700000
917,1034,130800000
928,412,200000
928,1092,1100000
928,171,600000
485,1092,800000
485,171,100000
485,1156,100000
1679,559,600000
1679,967,1000000
1679,1209,5100000
558,1720,1200000
727,1853,1400000
727,332,1200000
1569,147,18000000
1123,486,100000
677,1827,2700000
677,900,1800000
677,947,1800000
677,901,4800000
677,500,600000
677,504,100000
677,508,1600000
677,290,25700000
677,1016,300000
677,899,1800000
1852,1106,25000000
1581,1096,3300000
1079,1093,900000
1079,1332,700000
1079,965,600000
1208,95,1200000
521,1400,1300000
521,96,1300000
521,391,200000
521,1054,1800000
1853,332,2500000
1293,769,400000
845,1115,3100000
714,812,1200000
714,14,400000
714,1232,100000
714,671,100000
714,119,1300000
714,783,100000
851,1759,500000
940,298,1900000
940,1362,3900000
1373,1844,200000
1818,693,300000
1818,1692,400000
1818,1817,100000
1818,58,400000
498,778,2600000
498,25,4900000
1234,613,1600000
840,554,1200000
840,528,1200000
840,883,1300000
840,1659,1200000
1643,1082,19100000
1643,1614,171200000
950,740,1000000
434,995,300000
209,931,3600000
877,1417,1300000
230,938,200000
510,931,100000
1217,743,200000
1537,1844,400000
1283,1596,400000
1283,482,100000
638,1041,200000
646,931,1400000
646,978,100000
646,1587,900000
569,1724,300000
1033,1825,58300000
1033,1707,200000
1033,1186,2300000
1835,1375,13800000
247,1236,100000
247,1380,300000
247,1848,100000
161,691,5600000
1786,639,8200000
1786,455,21200000
1786,660,1300000
1786,293,1400000
1786,997,3400000
1786,1024,1200000
1786,1751,2500000
1786,951,2000000
1484,621,5900000
1484,114,3400000
1484,4,7200000
1484,2,4200000
1484,1652,100000
933,451,200000
1680,1392,1000000
551,704,100000
1274,1607,6100000
515,1607,800000
1245,1332,3900000
622,1041,100000
307,514,100000
307,1851,100000
364,372,200000
364,751,400000
364,1442,1200000
1766,1620,3700000
1766,886,11300000
1766,1571,7100000
1721,269,12500000
213,978,600000
415,1115,400000
369,891,35500000
369,994,34600000
1219,268,19400000
1229,1810,100000
1774,1475,800000
445,1733,200000
445,340,1300000
1507,1794,100000
1507,820,100000
